https://pc.moppy.jp/research/j.php?r_provider_id=8&r_id=CM431070,
https://pc.moppy.jp/research/j.php?r_provider_id=3&r_id=431072,
https://pc.moppy.jp/research/j.php?r_provider_id=2&r_id=1671328,
https://pc.moppy.jp/research/j.php?r_provider_id=2&r_id=1676943,
https://pc.moppy.jp/research/j.php?r_provider_id=1&r_id=C069002653,
https://pc.moppy.jp/research/j.php?r_provider_id=8&r_id=20022129,
https://pc.moppy.jp/research/j.php?r_provider_id=3&r_id=440876,
https://pc.moppy.jp/research/j.php?r_provider_id=2&r_id=1678901,
https://pc.moppy.jp/research/j.php?r_provider_id=1&r_id=C023022729,
https://pc.moppy.jp/research/j.php?r_provider_id=8&r_id=20022163,
https://pc.moppy.jp/research/j.php?r_provider_id=2&r_id=1680752,
https://pc.moppy.jp/research/j.php?r_provider_id=2&r_id=1678149,
https://pc.moppy.jp/research/j.php?r_provider_id=1&r_id=C012002220,
https://pc.moppy.jp/research/j.php?r_provider_id=3&r_id=429919,
https://pc.moppy.jp/research/j.php?r_provider_id=3&r_id=429918,
https://pc.moppy.jp/research/j.php?r_provider_id=3&r_id=429917,
https://pc.moppy.jp/research/j.php?r_provider_id=3&r_id=424477,
https://pc.moppy.jp/research/j.php?r_provider_id=2&r_id=1682248,
https://pc.moppy.jp/research/j.php?r_provider_id=2&r_id=1679841,
https://pc.moppy.jp/research/j.php?r_provider_id=2&r_id=1666018,
https://pc.moppy.jp/research/j.php?r_provider_id=1&r_id=C023022786,
https://pc.moppy.jp/research/j.php?r_provider_id=8&r_id=20022224,
https://pc.moppy.jp/research/j.php?r_provider_id=8&r_id=TA1187764,
https://pc.moppy.jp/research/j.php?r_provider_id=8&r_id=TA1187561,
https://pc.moppy.jp/research/j.php?r_provider_id=8&r_id=TA1187222,
https://pc.moppy.jp/research/j.php?r_provider_id=8&r_id=TA1186625,
https://pc.moppy.jp/research/j.php?r_provider_id=8&r_id=TA1186294,
https://pc.moppy.jp/research/j.php?r_provider_id=8&r_id=TA1185848,
https://pc.moppy.jp/research/j.php?r_provider_id=8&r_id=TA1185601,
https://pc.moppy.jp/research/j.php?r_provider_id=8&r_id=TA1185372,
https://pc.moppy.jp/research/j.php?r_provider_id=8&r_id=PS23062423,
https://pc.moppy.jp/research/j.php?r_provider_id=8&r_id=MAS001000024,
https://pc.moppy.jp/research/j.php?r_provider_id=8&r_id=LC20230624,
https://pc.moppy.jp/research/j.php?r_provider_id=8&r_id=IB00000100000,
https://pc.moppy.jp/research/j.php?r_provider_id=8&r_id=CN20230624,
https://pc.moppy.jp/research/j.php?r_provider_id=3&r_id=443050,
https://pc.moppy.jp/research/j.php?r_provider_id=3&r_id=426013,
https://pc.moppy.jp/research/j.php?r_provider_id=2&r_id=1683710,
https://pc.moppy.jp/research/j.php?r_provider_id=2&r_id=1682358,
https://pc.moppy.jp/research/j.php?r_provider_id=8&r_id=CM442457,
https://pc.moppy.jp/research/j.php?r_provider_id=3&r_id=446973,
https://pc.moppy.jp/research/j.php?r_provider_id=2&r_id=1685486,
https://pc.moppy.jp/research/j.php?r_provider_id=2&r_id=1682158,
https://pc.moppy.jp/research/j.php?r_provider_id=8&r_id=TA1187838,
https://pc.moppy.jp/research/j.php?r_provider_id=8&r_id=TA1187755,
https://pc.moppy.jp/research/j.php?r_provider_id=8&r_id=TA1187647,
https://pc.moppy.jp/research/j.php?r_provider_id=8&r_id=TA1187490,
https://pc.moppy.jp/research/j.php?r_provider_id=8&r_id=TA1187325,
https://pc.moppy.jp/research/j.php?r_provider_id=8&r_id=TA1187214,
https://pc.moppy.jp/research/j.php?r_provider_id=8&r_id=TA1187171,
https://pc.moppy.jp/research/j.php?r_provider_id=8&r_id=TA1187067,
https://pc.moppy.jp/research/j.php?r_provider_id=8&r_id=TA1186889,
https://pc.moppy.jp/research/j.php?r_provider_id=8&r_id=PS23062712https://pc.moppy.jp/research/j.php?r_provider_id=8&r_id=CM431070,
https://pc.moppy.jp/research/j.php?r_provider_id=3&r_id=431072,
https://pc.moppy.jp/research/j.php?r_provider_id=2&r_id=1671328,
https://pc.moppy.jp/research/j.php?r_provider_id=2&r_id=1676943,
https://pc.moppy.jp/research/j.php?r_provider_id=1&r_id=C069002653,
https://pc.moppy.jp/research/j.php?r_provider_id=8&r_id=20022129,
https://pc.moppy.jp/research/j.php?r_provider_id=3&r_id=440876,
https://pc.moppy.jp/research/j.php?r_provider_id=2&r_id=1678901,
https://pc.moppy.jp/research/j.php?r_provider_id=1&r_id=C023022729,
https://pc.moppy.jp/research/j.php?r_provider_id=8&r_id=20022163,
https://pc.moppy.jp/research/j.php?r_provider_id=2&r_id=1680752,
https://pc.moppy.jp/research/j.php?r_provider_id=2&r_id=1678149,
https://pc.moppy.jp/research/j.php?r_provider_id=1&r_id=C012002220,
https://pc.moppy.jp/research/j.php?r_provider_id=3&r_id=429919,
https://pc.moppy.jp/research/j.php?r_provider_id=3&r_id=429918,
https://pc.moppy.jp/research/j.php?r_provider_id=3&r_id=429917,
https://pc.moppy.jp/research/j.php?r_provider_id=3&r_id=424477,
https://pc.moppy.jp/research/j.php?r_provider_id=2&r_id=1682248,
https://pc.moppy.jp/research/j.php?r_provider_id=2&r_id=1679841,
https://pc.moppy.jp/research/j.php?r_provider_id=2&r_id=1666018,
https://pc.moppy.jp/research/j.php?r_provider_id=1&r_id=C023022786,
https://pc.moppy.jp/research/j.php?r_provider_id=8&r_id=20022224,
https://pc.moppy.jp/research/j.php?r_provider_id=8&r_id=TA1187764,
https://pc.moppy.jp/research/j.php?r_provider_id=8&r_id=TA1187561,
https://pc.moppy.jp/research/j.php?r_provider_id=8&r_id=TA1187222,
https://pc.moppy.jp/research/j.php?r_provider_id=8&r_id=TA1186625,
https://pc.moppy.jp/research/j.php?r_provider_id=8&r_id=TA1186294,
https://pc.moppy.jp/research/j.php?r_provider_id=8&r_id=TA1185848,
https://pc.moppy.jp/research/j.php?r_provider_id=8&r_id=TA1185601,
https://pc.moppy.jp/research/j.php?r_provider_id=8&r_id=TA1185372,
https://pc.moppy.jp/research/j.php?r_provider_id=8&r_id=PS23062423,
https://pc.moppy.jp/research/j.php?r_provider_id=8&r_id=MAS001000024,
https://pc.moppy.jp/research/j.php?r_provider_id=8&r_id=LC20230624,
https://pc.moppy.jp/research/j.php?r_provider_id=8&r_id=IB00000100000,
https://pc.moppy.jp/research/j.php?r_provider_id=8&r_id=CN20230624,
https://pc.moppy.jp/research/j.php?r_provider_id=3&r_id=443050,
https://pc.moppy.jp/research/j.php?r_provider_id=3&r_id=426013,
https://pc.moppy.jp/research/j.php?r_provider_id=2&r_id=1683710,
https://pc.moppy.jp/research/j.php?r_provider_id=2&r_id=1682358,
https://pc.moppy.jp/research/j.php?r_provider_id=8&r_id=CM442457,
https://pc.moppy.jp/research/j.php?r_provider_id=3&r_id=446973,
https://pc.moppy.jp/research/j.php?r_provider_id=2&r_id=1685486,
https://pc.moppy.jp/research/j.php?r_provider_id=2&r_id=1682158,
https://pc.moppy.jp/research/j.php?r_provider_id=8&r_id=TA1187838,
https://pc.moppy.jp/research/j.php?r_provider_id=8&r_id=TA1187755,
https://pc.moppy.jp/research/j.php?r_provider_id=8&r_id=TA1187647,
https://pc.moppy.jp/research/j.php?r_provider_id=8&r_id=TA1187490,
https://pc.moppy.jp/research/j.php?r_provider_id=8&r_id=TA1187325,
https://pc.moppy.jp/research/j.php?r_provider_id=8&r_id=TA1187214,
https://pc.moppy.jp/research/j.php?r_provider_id=8&r_id=TA1187171,
https://pc.moppy.jp/research/j.php?r_provider_id=8&r_id=TA1187067,
https://pc.moppy.jp/research/j.php?r_provider_id=8&r_id=TA1186889,
https://pc.moppy.jp/research/j.php?r_provider_id=8&r_id=PS23062712,
https://pc.moppy.jp/research/j.php?r_provider_id=8&r_id=CM431070,
https://pc.moppy.jp/research/j.php?r_provider_id=3&r_id=431072,
https://pc.moppy.jp/research/j.php?r_provider_id=2&r_id=1671328,
https://pc.moppy.jp/research/j.php?r_provider_id=2&r_id=1676943,
https://pc.moppy.jp/research/j.php?r_provider_id=1&r_id=C069002653,
https://pc.moppy.jp/research/j.php?r_provider_id=8&r_id=20022129,
https://pc.moppy.jp/research/j.php?r_provider_id=3&r_id=440876,
https://pc.moppy.jp/research/j.php?r_provider_id=2&r_id=1678901,
https://pc.moppy.jp/research/j.php?r_provider_id=1&r_id=C023022729,
https://pc.moppy.jp/research/j.php?r_provider_id=8&r_id=20022163,
https://pc.moppy.jp/research/j.php?r_provider_id=2&r_id=1680752,
https://pc.moppy.jp/research/j.php?r_provider_id=2&r_id=1678149,
https://pc.moppy.jp/research/j.php?r_provider_id=1&r_id=C012002220,
https://pc.moppy.jp/research/j.php?r_provider_id=3&r_id=429919,
https://pc.moppy.jp/research/j.php?r_provider_id=3&r_id=429918,
https://pc.moppy.jp/research/j.php?r_provider_id=3&r_id=429917,
https://pc.moppy.jp/research/j.php?r_provider_id=3&r_id=424477,
https://pc.moppy.jp/research/j.php?r_provider_id=2&r_id=1682248,
https://pc.moppy.jp/research/j.php?r_provider_id=2&r_id=1679841,
https://pc.moppy.jp/research/j.php?r_provider_id=2&r_id=1666018,
https://pc.moppy.jp/research/j.php?r_provider_id=1&r_id=C023022786,
https://pc.moppy.jp/research/j.php?r_provider_id=8&r_id=20022224,
https://pc.moppy.jp/research/j.php?r_provider_id=8&r_id=TA1187764,
https://pc.moppy.jp/research/j.php?r_provider_id=8&r_id=TA1187561,
https://pc.moppy.jp/research/j.php?r_provider_id=8&r_id=TA1187222,
https://pc.moppy.jp/research/j.php?r_provider_id=8&r_id=TA1186625,
https://pc.moppy.jp/research/j.php?r_provider_id=8&r_id=TA1186294,
https://pc.moppy.jp/research/j.php?r_provider_id=8&r_id=TA1185848,
https://pc.moppy.jp/research/j.php?r_provider_id=8&r_id=TA1185601,
https://pc.moppy.jp/research/j.php?r_provider_id=8&r_id=TA1185372,
https://pc.moppy.jp/research/j.php?r_provider_id=8&r_id=PS23062423,
https://pc.moppy.jp/research/j.php?r_provider_id=8&r_id=MAS001000024,
https://pc.moppy.jp/research/j.php?r_provider_id=8&r_id=LC20230624,
https://pc.moppy.jp/research/j.php?r_provider_id=8&r_id=IB00000100000,
https://pc.moppy.jp/research/j.php?r_provider_id=8&r_id=CN20230624,
https://pc.moppy.jp/research/j.php?r_provider_id=3&r_id=443050,
https://pc.moppy.jp/research/j.php?r_provider_id=3&r_id=426013,
https://pc.moppy.jp/research/j.php?r_provider_id=2&r_id=1683710,
https://pc.moppy.jp/research/j.php?r_provider_id=2&r_id=1682358,
https://pc.moppy.jp/research/j.php?r_provider_id=8&r_id=CM442457,
https://pc.moppy.jp/research/j.php?r_provider_id=3&r_id=446973,
https://pc.moppy.jp/research/j.php?r_provider_id=2&r_id=1685486,
https://pc.moppy.jp/research/j.php?r_provider_id=2&r_id=1682158,
https://pc.moppy.jp/research/j.php?r_provider_id=8&r_id=TA1187838,
https://pc.moppy.jp/research/j.php?r_provider_id=8&r_id=TA1187755,
https://pc.moppy.jp/research/j.php?r_provider_id=8&r_id=TA1187647,
https://pc.moppy.jp/research/j.php?r_provider_id=8&r_id=TA1187490,
https://pc.moppy.jp/research/j.php?r_provider_id=8&r_id=TA1187325,
https://pc.moppy.jp/research/j.php?r_provider_id=8&r_id=TA1187214,
https://pc.moppy.jp/research/j.php?r_provider_id=8&r_id=TA1187171,
https://pc.moppy.jp/research/j.php?r_provider_id=8&r_id=TA1187067,
https://pc.moppy.jp/research/j.php?r_provider_id=8&r_id=TA1186889,
https://pc.moppy.jp/research/j.php?r_provider_id=8&r_id=PS23062712https://pc.moppy.jp/research/j.php?r_provider_id=8&r_id=CM431070,
https://pc.moppy.jp/research/j.php?r_provider_id=3&r_id=431072,
https://pc.moppy.jp/research/j.php?r_provider_id=2&r_id=1671328,
https://pc.moppy.jp/research/j.php?r_provider_id=2&r_id=1676943,
https://pc.moppy.jp/research/j.php?r_provider_id=1&r_id=C069002653,
https://pc.moppy.jp/research/j.php?r_provider_id=8&r_id=20022129,
https://pc.moppy.jp/research/j.php?r_provider_id=3&r_id=440876,
https://pc.moppy.jp/research/j.php?r_provider_id=2&r_id=1678901,
https://pc.moppy.jp/research/j.php?r_provider_id=1&r_id=C023022729,
https://pc.moppy.jp/research/j.php?r_provider_id=8&r_id=20022163,
https://pc.moppy.jp/research/j.php?r_provider_id=2&r_id=1680752,
https://pc.moppy.jp/research/j.php?r_provider_id=2&r_id=1678149,
https://pc.moppy.jp/research/j.php?r_provider_id=1&r_id=C012002220,
https://pc.moppy.jp/research/j.php?r_provider_id=3&r_id=429919,
https://pc.moppy.jp/research/j.php?r_provider_id=3&r_id=429918,
https://pc.moppy.jp/research/j.php?r_provider_id=3&r_id=429917,
https://pc.moppy.jp/research/j.php?r_provider_id=3&r_id=424477,
https://pc.moppy.jp/research/j.php?r_provider_id=2&r_id=1682248,
https://pc.moppy.jp/research/j.php?r_provider_id=2&r_id=1679841,
https://pc.moppy.jp/research/j.php?r_provider_id=2&r_id=1666018,
https://pc.moppy.jp/research/j.php?r_provider_id=1&r_id=C023022786,
https://pc.moppy.jp/research/j.php?r_provider_id=8&r_id=20022224,
https://pc.moppy.jp/research/j.php?r_provider_id=8&r_id=TA1187764,
https://pc.moppy.jp/research/j.php?r_provider_id=8&r_id=TA1187561,
https://pc.moppy.jp/research/j.php?r_provider_id=8&r_id=TA1187222,
https://pc.moppy.jp/research/j.php?r_provider_id=8&r_id=TA1186625,
https://pc.moppy.jp/research/j.php?r_provider_id=8&r_id=TA1186294,
https://pc.moppy.jp/research/j.php?r_provider_id=8&r_id=TA1185848,
https://pc.moppy.jp/research/j.php?r_provider_id=8&r_id=TA1185601,
https://pc.moppy.jp/research/j.php?r_provider_id=8&r_id=TA1185372,
https://pc.moppy.jp/research/j.php?r_provider_id=8&r_id=PS23062423,
https://pc.moppy.jp/research/j.php?r_provider_id=8&r_id=MAS001000024,
https://pc.moppy.jp/research/j.php?r_provider_id=8&r_id=LC20230624,
https://pc.moppy.jp/research/j.php?r_provider_id=8&r_id=IB00000100000,
https://pc.moppy.jp/research/j.php?r_provider_id=8&r_id=CN20230624,
https://pc.moppy.jp/research/j.php?r_provider_id=3&r_id=443050,
https://pc.moppy.jp/research/j.php?r_provider_id=3&r_id=426013,
https://pc.moppy.jp/research/j.php?r_provider_id=2&r_id=1683710,
https://pc.moppy.jp/research/j.php?r_provider_id=2&r_id=1682358,
https://pc.moppy.jp/research/j.php?r_provider_id=8&r_id=CM442457,
https://pc.moppy.jp/research/j.php?r_provider_id=3&r_id=446973,
https://pc.moppy.jp/research/j.php?r_provider_id=2&r_id=1685486,
https://pc.moppy.jp/research/j.php?r_provider_id=2&r_id=1682158,
https://pc.moppy.jp/research/j.php?r_provider_id=8&r_id=TA1187838,
https://pc.moppy.jp/research/j.php?r_provider_id=8&r_id=TA1187755,
https://pc.moppy.jp/research/j.php?r_provider_id=8&r_id=TA1187647,
https://pc.moppy.jp/research/j.php?r_provider_id=8&r_id=TA1187490,
https://pc.moppy.jp/research/j.php?r_provider_id=8&r_id=TA1187325,
https://pc.moppy.jp/research/j.php?r_provider_id=8&r_id=TA1187214,
https://pc.moppy.jp/research/j.php?r_provider_id=8&r_id=TA1187171,
https://pc.moppy.jp/research/j.php?r_provider_id=8&r_id=TA1187067,
https://pc.moppy.jp/research/j.php?r_provider_id=8&r_id=TA1186889,
https://pc.moppy.jp/research/j.php?r_provider_id=8&r_id=PS23062712,
https://pc.moppy.jp/research/j.php?r_provider_id=8&r_id=CM431070,
https://pc.moppy.jp/research/j.php?r_provider_id=3&r_id=431072,
https://pc.moppy.jp/research/j.php?r_provider_id=2&r_id=1671328,
https://pc.moppy.jp/research/j.php?r_provider_id=2&r_id=1676943,
https://pc.moppy.jp/research/j.php?r_provider_id=1&r_id=C069002653,
https://pc.moppy.jp/research/j.php?r_provider_id=8&r_id=20022129,
https://pc.moppy.jp/research/j.php?r_provider_id=3&r_id=440876,
https://pc.moppy.jp/research/j.php?r_provider_id=2&r_id=1678901,
https://pc.moppy.jp/research/j.php?r_provider_id=1&r_id=C023022729,
https://pc.moppy.jp/research/j.php?r_provider_id=8&r_id=20022163,
https://pc.moppy.jp/research/j.php?r_provider_id=2&r_id=1680752,
https://pc.moppy.jp/research/j.php?r_provider_id=2&r_id=1678149,
https://pc.moppy.jp/research/j.php?r_provider_id=1&r_id=C012002220,
https://pc.moppy.jp/research/j.php?r_provider_id=3&r_id=429919,
https://pc.moppy.jp/research/j.php?r_provider_id=3&r_id=429918,
https://pc.moppy.jp/research/j.php?r_provider_id=3&r_id=429917,
https://pc.moppy.jp/research/j.php?r_provider_id=3&r_id=424477,
https://pc.moppy.jp/research/j.php?r_provider_id=2&r_id=1682248,
https://pc.moppy.jp/research/j.php?r_provider_id=2&r_id=1679841,
https://pc.moppy.jp/research/j.php?r_provider_id=2&r_id=1666018,
https://pc.moppy.jp/research/j.php?r_provider_id=1&r_id=C023022786,
https://pc.moppy.jp/research/j.php?r_provider_id=8&r_id=20022224,
https://pc.moppy.jp/research/j.php?r_provider_id=8&r_id=TA1187764,
https://pc.moppy.jp/research/j.php?r_provider_id=8&r_id=TA1187561,
https://pc.moppy.jp/research/j.php?r_provider_id=8&r_id=TA1187222,
https://pc.moppy.jp/research/j.php?r_provider_id=8&r_id=TA1186625,
https://pc.moppy.jp/research/j.php?r_provider_id=8&r_id=TA1186294,
https://pc.moppy.jp/research/j.php?r_provider_id=8&r_id=TA1185848,
https://pc.moppy.jp/research/j.php?r_provider_id=8&r_id=TA1185601,
https://pc.moppy.jp/research/j.php?r_provider_id=8&r_id=TA1185372,
https://pc.moppy.jp/research/j.php?r_provider_id=8&r_id=PS23062423,
https://pc.moppy.jp/research/j.php?r_provider_id=8&r_id=MAS001000024,
https://pc.moppy.jp/research/j.php?r_provider_id=8&r_id=LC20230624,
https://pc.moppy.jp/research/j.php?r_provider_id=8&r_id=IB00000100000,
https://pc.moppy.jp/research/j.php?r_provider_id=8&r_id=CN20230624,
https://pc.moppy.jp/research/j.php?r_provider_id=3&r_id=443050,
https://pc.moppy.jp/research/j.php?r_provider_id=3&r_id=426013,
https://pc.moppy.jp/research/j.php?r_provider_id=2&r_id=1683710,
https://pc.moppy.jp/research/j.php?r_provider_id=2&r_id=1682358,
https://pc.moppy.jp/research/j.php?r_provider_id=8&r_id=CM442457,
https://pc.moppy.jp/research/j.php?r_provider_id=3&r_id=446973,
https://pc.moppy.jp/research/j.php?r_provider_id=2&r_id=1685486,
https://pc.moppy.jp/research/j.php?r_provider_id=2&r_id=1682158,
https://pc.moppy.jp/research/j.php?r_provider_id=8&r_id=TA1187838,
https://pc.moppy.jp/research/j.php?r_provider_id=8&r_id=TA1187755,
https://pc.moppy.jp/research/j.php?r_provider_id=8&r_id=TA1187647,
https://pc.moppy.jp/research/j.php?r_provider_id=8&r_id=TA1187490,
https://pc.moppy.jp/research/j.php?r_provider_id=8&r_id=TA1187325,
https://pc.moppy.jp/research/j.php?r_provider_id=8&r_id=TA1187214,
https://pc.moppy.jp/research/j.php?r_provider_id=8&r_id=TA1187171,
https://pc.moppy.jp/research/j.php?r_provider_id=8&r_id=TA1187067,
https://pc.moppy.jp/research/j.php?r_provider_id=8&r_id=TA1186889
https://pc.moppy.jp/research/j.php?r_provider_id=8&r_id=PS23062712,
https://pc.moppy.jp/research/j.php?r_provider_id=8&r_id=CM431070,
https://pc.moppy.jp/research/j.php?r_provider_id=3&r_id=431072,
https://pc.moppy.jp/research/j.php?r_provider_id=2&r_id=1671328,
https://pc.moppy.jp/research/j.php?r_provider_id=2&r_id=1676943,
https://pc.moppy.jp/research/j.php?r_provider_id=1&r_id=C069002653,
https://pc.moppy.jp/research/j.php?r_provider_id=8&r_id=20022129,
https://pc.moppy.jp/research/j.php?r_provider_id=3&r_id=440876,
https://pc.moppy.jp/research/j.php?r_provider_id=2&r_id=1678901,
https://pc.moppy.jp/research/j.php?r_provider_id=1&r_id=C023022729,
https://pc.moppy.jp/research/j.php?r_provider_id=8&r_id=20022163,
https://pc.moppy.jp/research/j.php?r_provider_id=2&r_id=1680752,
https://pc.moppy.jp/research/j.php?r_provider_id=2&r_id=1678149,
https://pc.moppy.jp/research/j.php?r_provider_id=1&r_id=C012002220,
https://pc.moppy.jp/research/j.php?r_provider_id=3&r_id=429919,
https://pc.moppy.jp/research/j.php?r_provider_id=3&r_id=429918,
https://pc.moppy.jp/research/j.php?r_provider_id=3&r_id=429917,
https://pc.moppy.jp/research/j.php?r_provider_id=3&r_id=424477,
https://pc.moppy.jp/research/j.php?r_provider_id=2&r_id=1682248,
https://pc.moppy.jp/research/j.php?r_provider_id=2&r_id=1679841,
https://pc.moppy.jp/research/j.php?r_provider_id=2&r_id=1666018,
https://pc.moppy.jp/research/j.php?r_provider_id=1&r_id=C023022786,
https://pc.moppy.jp/research/j.php?r_provider_id=8&r_id=20022224,
https://pc.moppy.jp/research/j.php?r_provider_id=8&r_id=TA1187764,
https://pc.moppy.jp/research/j.php?r_provider_id=8&r_id=TA1187561,
https://pc.moppy.jp/research/j.php?r_provider_id=8&r_id=TA1187222,
https://pc.moppy.jp/research/j.php?r_provider_id=8&r_id=TA1186625,
https://pc.moppy.jp/research/j.php?r_provider_id=8&r_id=TA1186294,
https://pc.moppy.jp/research/j.php?r_provider_id=8&r_id=TA1185848,
https://pc.moppy.jp/research/j.php?r_provider_id=8&r_id=TA1185601,
https://pc.moppy.jp/research/j.php?r_provider_id=8&r_id=TA1185372,
https://pc.moppy.jp/research/j.php?r_provider_id=8&r_id=PS23062423,
https://pc.moppy.jp/research/j.php?r_provider_id=8&r_id=MAS001000024,
https://pc.moppy.jp/research/j.php?r_provider_id=8&r_id=LC20230624,
https://pc.moppy.jp/research/j.php?r_provider_id=8&r_id=IB00000100000,
https://pc.moppy.jp/research/j.php?r_provider_id=8&r_id=CN20230624,
https://pc.moppy.jp/research/j.php?r_provider_id=3&r_id=443050,
https://pc.moppy.jp/research/j.php?r_provider_id=3&r_id=426013,
https://pc.moppy.jp/research/j.php?r_provider_id=2&r_id=1683710,
https://pc.moppy.jp/research/j.php?r_provider_id=2&r_id=1682358,
https://pc.moppy.jp/research/j.php?r_provider_id=8&r_id=CM442457,
https://pc.moppy.jp/research/j.php?r_provider_id=3&r_id=446973,
https://pc.moppy.jp/research/j.php?r_provider_id=2&r_id=1685486,
https://pc.moppy.jp/research/j.php?r_provider_id=2&r_id=1682158,
https://pc.moppy.jp/research/j.php?r_provider_id=8&r_id=TA1187838,
https://pc.moppy.jp/research/j.php?r_provider_id=8&r_id=TA1187755,
https://pc.moppy.jp/research/j.php?r_provider_id=8&r_id=TA1187647,
https://pc.moppy.jp/research/j.php?r_provider_id=8&r_id=TA1187490,
https://pc.moppy.jp/research/j.php?r_provider_id=8&r_id=TA1187325,
https://pc.moppy.jp/research/j.php?r_provider_id=8&r_id=TA1187214,
https://pc.moppy.jp/research/j.php?r_provider_id=8&r_id=TA1187171,
https://pc.moppy.jp/research/j.php?r_provider_id=8&r_id=TA1187067,
https://pc.moppy.jp/research/j.php?r_provider_id=8&r_id=TA1186889,
https://pc.moppy.jp/research/j.php?r_provider_id=8&r_id=PS23062712,
https://pc.moppy.jp/research/j.php?r_provider_id=8&r_id=CM431070,
https://pc.moppy.jp/research/j.php?r_provider_id=3&r_id=431072,
https://pc.moppy.jp/research/j.php?r_provider_id=2&r_id=1671328,
https://pc.moppy.jp/research/j.php?r_provider_id=2&r_id=1676943,
https://pc.moppy.jp/research/j.php?r_provider_id=1&r_id=C069002653,
https://pc.moppy.jp/research/j.php?r_provider_id=8&r_id=20022129,
https://pc.moppy.jp/research/j.php?r_provider_id=3&r_id=440876,
https://pc.moppy.jp/research/j.php?r_provider_id=2&r_id=1678901,
https://pc.moppy.jp/research/j.php?r_provider_id=1&r_id=C023022729,
https://pc.moppy.jp/research/j.php?r_provider_id=8&r_id=20022163,
https://pc.moppy.jp/research/j.php?r_provider_id=2&r_id=1680752,
https://pc.moppy.jp/research/j.php?r_provider_id=2&r_id=1678149,
https://pc.moppy.jp/research/j.php?r_provider_id=1&r_id=C012002220,
https://pc.moppy.jp/research/j.php?r_provider_id=3&r_id=429919,
https://pc.moppy.jp/research/j.php?r_provider_id=3&r_id=429918,
https://pc.moppy.jp/research/j.php?r_provider_id=3&r_id=429917,
https://pc.moppy.jp/research/j.php?r_provider_id=3&r_id=424477,
https://pc.moppy.jp/research/j.php?r_provider_id=2&r_id=1682248,
https://pc.moppy.jp/research/j.php?r_provider_id=2&r_id=1679841,
https://pc.moppy.jp/research/j.php?r_provider_id=2&r_id=1666018,
https://pc.moppy.jp/research/j.php?r_provider_id=1&r_id=C023022786,
https://pc.moppy.jp/research/j.php?r_provider_id=8&r_id=20022224,
https://pc.moppy.jp/research/j.php?r_provider_id=8&r_id=TA1187764,
https://pc.moppy.jp/research/j.php?r_provider_id=8&r_id=TA1187561,
https://pc.moppy.jp/research/j.php?r_provider_id=8&r_id=TA1187222,
https://pc.moppy.jp/research/j.php?r_provider_id=8&r_id=TA1186625,
https://pc.moppy.jp/research/j.php?r_provider_id=8&r_id=TA1186294,
https://pc.moppy.jp/research/j.php?r_provider_id=8&r_id=TA1185848,
https://pc.moppy.jp/research/j.php?r_provider_id=8&r_id=TA1185601,
https://pc.moppy.jp/research/j.php?r_provider_id=8&r_id=TA1185372,
https://pc.moppy.jp/research/j.php?r_provider_id=8&r_id=PS23062423,
https://pc.moppy.jp/research/j.php?r_provider_id=8&r_id=MAS001000024,
https://pc.moppy.jp/research/j.php?r_provider_id=8&r_id=LC20230624,
https://pc.moppy.jp/research/j.php?r_provider_id=8&r_id=IB00000100000,
https://pc.moppy.jp/research/j.php?r_provider_id=8&r_id=CN20230624,
https://pc.moppy.jp/research/j.php?r_provider_id=3&r_id=443050,
https://pc.moppy.jp/research/j.php?r_provider_id=3&r_id=426013,
https://pc.moppy.jp/research/j.php?r_provider_id=2&r_id=1683710,
https://pc.moppy.jp/research/j.php?r_provider_id=2&r_id=1682358,
https://pc.moppy.jp/research/j.php?r_provider_id=8&r_id=CM442457,
https://pc.moppy.jp/research/j.php?r_provider_id=3&r_id=446973,
https://pc.moppy.jp/research/j.php?r_provider_id=2&r_id=1685486,
https://pc.moppy.jp/research/j.php?r_provider_id=2&r_id=1682158,
https://pc.moppy.jp/research/j.php?r_provider_id=8&r_id=TA1187838,
https://pc.moppy.jp/research/j.php?r_provider_id=8&r_id=TA1187755,
https://pc.moppy.jp/research/j.php?r_provider_id=8&r_id=TA1187647,
https://pc.moppy.jp/research/j.php?r_provider_id=8&r_id=TA1187490,
https://pc.moppy.jp/research/j.php?r_provider_id=8&r_id=TA1187325,
https://pc.moppy.jp/research/j.php?r_provider_id=8&r_id=TA1187214,
https://pc.moppy.jp/research/j.php?r_provider_id=8&r_id=TA1187171,
https://pc.moppy.jp/research/j.php?r_provider_id=8&r_id=TA1187067,
https://pc.moppy.jp/research/j.php?r_provider_id=8&r_id=TA1186889,
https://pc.moppy.jp/research/j.php?r_provider_id=8&r_id=PS23062712,
https://pc.moppy.jp/research/j.php?r_provider_id=8&r_id=CM431070,
https://pc.moppy.jp/research/j.php?r_provider_id=3&r_id=431072,
https://pc.moppy.jp/research/j.php?r_provider_id=2&r_id=1671328,
https://pc.moppy.jp/research/j.php?r_provider_id=2&r_id=1676943,
https://pc.moppy.jp/research/j.php?r_provider_id=1&r_id=C069002653,
https://pc.moppy.jp/research/j.php?r_provider_id=8&r_id=20022129,
https://pc.moppy.jp/research/j.php?r_provider_id=3&r_id=440876,
https://pc.moppy.jp/research/j.php?r_provider_id=2&r_id=1678901,
https://pc.moppy.jp/research/j.php?r_provider_id=1&r_id=C023022729,
https://pc.moppy.jp/research/j.php?r_provider_id=8&r_id=20022163,
https://pc.moppy.jp/research/j.php?r_provider_id=2&r_id=1680752,
https://pc.moppy.jp/research/j.php?r_provider_id=2&r_id=1678149,
https://pc.moppy.jp/research/j.php?r_provider_id=1&r_id=C012002220,
https://pc.moppy.jp/research/j.php?r_provider_id=3&r_id=429919,
https://pc.moppy.jp/research/j.php?r_provider_id=3&r_id=429918,
https://pc.moppy.jp/research/j.php?r_provider_id=3&r_id=429917,
https://pc.moppy.jp/research/j.php?r_provider_id=3&r_id=424477,
https://pc.moppy.jp/research/j.php?r_provider_id=2&r_id=1682248,
https://pc.moppy.jp/research/j.php?r_provider_id=2&r_id=1679841,
https://pc.moppy.jp/research/j.php?r_provider_id=2&r_id=1666018,
https://pc.moppy.jp/research/j.php?r_provider_id=1&r_id=C023022786,
https://pc.moppy.jp/research/j.php?r_provider_id=8&r_id=20022224,
https://pc.moppy.jp/research/j.php?r_provider_id=8&r_id=TA1187764,
https://pc.moppy.jp/research/j.php?r_provider_id=8&r_id=TA1187561,
https://pc.moppy.jp/research/j.php?r_provider_id=8&r_id=TA1187222,
https://pc.moppy.jp/research/j.php?r_provider_id=8&r_id=TA1186625,
https://pc.moppy.jp/research/j.php?r_provider_id=8&r_id=TA1186294,
https://pc.moppy.jp/research/j.php?r_provider_id=8&r_id=TA1185848,
https://pc.moppy.jp/research/j.php?r_provider_id=8&r_id=TA1185601,
https://pc.moppy.jp/research/j.php?r_provider_id=8&r_id=TA1185372,
https://pc.moppy.jp/research/j.php?r_provider_id=8&r_id=PS23062423,
https://pc.moppy.jp/research/j.php?r_provider_id=8&r_id=MAS001000024,
https://pc.moppy.jp/research/j.php?r_provider_id=8&r_id=LC20230624,
https://pc.moppy.jp/research/j.php?r_provider_id=8&r_id=IB00000100000,
https://pc.moppy.jp/research/j.php?r_provider_id=8&r_id=CN20230624,
https://pc.moppy.jp/research/j.php?r_provider_id=3&r_id=443050,
https://pc.moppy.jp/research/j.php?r_provider_id=3&r_id=426013,
https://pc.moppy.jp/research/j.php?r_provider_id=2&r_id=1683710,
https://pc.moppy.jp/research/j.php?r_provider_id=2&r_id=1682358,
https://pc.moppy.jp/research/j.php?r_provider_id=8&r_id=CM442457,
https://pc.moppy.jp/research/j.php?r_provider_id=3&r_id=446973,
https://pc.moppy.jp/research/j.php?r_provider_id=2&r_id=1685486,
https://pc.moppy.jp/research/j.php?r_provider_id=2&r_id=1682158,
https://pc.moppy.jp/research/j.php?r_provider_id=8&r_id=TA1187838,
https://pc.moppy.jp/research/j.php?r_provider_id=8&r_id=TA1187755,
https://pc.moppy.jp/research/j.php?r_provider_id=8&r_id=TA1187647,
https://pc.moppy.jp/research/j.php?r_provider_id=8&r_id=TA1187490,
https://pc.moppy.jp/research/j.php?r_provider_id=8&r_id=TA1187325,
https://pc.moppy.jp/research/j.php?r_provider_id=8&r_id=TA1187214,
https://pc.moppy.jp/research/j.php?r_provider_id=8&r_id=TA1187171,
https://pc.moppy.jp/research/j.php?r_provider_id=8&r_id=TA1187067,
https://pc.moppy.jp/research/j.php?r_provider_id=8&r_id=TA1186889,
https://pc.moppy.jp/research/j.php?r_provider_id=8&r_id=PS23062712
